DeliveryDate,HourEnding,RUCTimeStamp,ResourceName,ClearedCommit,ClearedDecommit,ReasonForCommitmentOrDecommitment,StartType,ManOverrideFlag,ReasonForManuallyOverriding,DSTFLag
06/27/2022, 16:00, 06/27/2022 02:03:03, STEAM_STEAM_3, Y, N, Capacity, COLD, C,Capacity,N
06/27/2022, 16:00, 06/27/2022 02:03:03, WAP_WAP_G3, Y, N, Capacity, COLD, C,Capacity,N
06/27/2022, 16:00, 06/27/2022 02:03:03, STEAM_STEAM_2, Y, N, Capacity, COLD, ,,N
06/27/2022, 17:00, 06/27/2022 02:03:03, WAP_WAP_G3, Y, N, Capacity, , C,Capacity,N
06/27/2022, 17:00, 06/27/2022 02:03:03, STEAM_STEAM_2, Y, N, Capacity, , ,,N
06/27/2022, 17:00, 06/27/2022 02:03:03, STEAM_STEAM_3, Y, N, Capacity, , C,Capacity,N
06/27/2022, 18:00, 06/27/2022 02:03:03, WAP_WAP_G3, Y, N, Capacity, , C,Capacity,N
06/27/2022, 18:00, 06/27/2022 02:03:03, STEAM_STEAM_3, Y, N, Capacity, , C,Capacity,N
06/27/2022, 18:00, 06/27/2022 02:03:03, STEAM_STEAM_2, Y, N, Capacity, , ,,N
06/27/2022, 19:00, 06/27/2022 02:03:03, STEAM_STEAM_3, Y, N, Capacity, , C,Capacity,N
06/27/2022, 19:00, 06/27/2022 02:03:03, WAP_WAP_G3, Y, N, Capacity, , C,Capacity,N
06/27/2022, 19:00, 06/27/2022 02:03:03, STEAM_STEAM_2, Y, N, Capacity, , ,,N
06/27/2022, 20:00, 06/27/2022 02:03:03, WAP_WAP_G3, Y, N, Capacity, , C,Capacity,N
06/27/2022, 20:00, 06/27/2022 02:03:03, STEAM_STEAM_2, Y, N, Capacity, , C,Capacity,N
06/27/2022, 20:00, 06/27/2022 02:03:03, STEAM_STEAM_3, Y, N, Capacity, , C,Capacity,N
06/27/2022, 21:00, 06/27/2022 02:03:03, WAP_WAP_G3, Y, N, Capacity, , C,Capacity,N
06/27/2022, 21:00, 06/27/2022 02:03:03, STEAM_STEAM_2, Y, N, Capacity, , C,Capacity,N
06/27/2022, 21:00, 06/27/2022 02:03:03, STEAM_STEAM_3, Y, N, Capacity, , C,Capacity,N
