DeliveryDate,HourEnding,RUCTimeStamp,ResourceName,ClearedCommit,ClearedDecommit,ReasonForCommitmentOrDecommitment,StartType,ManOverrideFlag,ReasonForManuallyOverriding,DSTFLag
06/27/2022, 17:00, 06/27/2022 03:03:03, STEAM1A_STEAM_1, Y, N, Capacity, COLD, C,Capacity,N
06/27/2022, 18:00, 06/27/2022 03:03:03, STEAM1A_STEAM_1, Y, N, Capacity, , C,Capacity,N
06/27/2022, 19:00, 06/27/2022 03:03:03, STEAM1A_STEAM_1, Y, N, Capacity, , C,Capacity,N
06/27/2022, 20:00, 06/27/2022 03:03:03, STEAM1A_STEAM_1, Y, N, Capacity, , C,Capacity,N
06/27/2022, 21:00, 06/27/2022 03:03:03, STEAM1A_STEAM_1, Y, N, Capacity, , C,Capacity,N
