DeliveryDate,HourEnding,RUCTimeStamp,ResourceName,ClearedCommit,ClearedDecommit,ReasonForCommitmentOrDecommitment,StartType,ManOverrideFlag,ReasonForManuallyOverriding,DSTFLag
06/27/2022, 13:00, 06/27/2022 06:03:04, WAP_WAP_G1, Y, N, Capacity, INTER, C,Capacity,N
06/27/2022, 14:00, 06/27/2022 06:03:04, WAP_WAP_G1, Y, N, Capacity, , ,,N
06/27/2022, 14:00, 06/27/2022 06:03:04, BRAUNIG_VHB1, Y, N, Capacity, HOT, C,Capacity,N
06/27/2022, 14:00, 06/27/2022 06:03:04, LGE_CC1_4, Y, N, Capacity, , C,Capacity,N
06/27/2022, 14:00, 06/27/2022 06:03:04, WAP_WAP_G4, Y, N, Capacity, INTER, C,Capacity,N
06/27/2022, 15:00, 06/27/2022 06:03:04, BRAUNIG_VHB1, Y, N, Capacity, , C,Capacity,N
06/27/2022, 15:00, 06/27/2022 06:03:04, WAP_WAP_G4, Y, N, Capacity, , C,Capacity,N
06/27/2022, 15:00, 06/27/2022 06:03:04, LGE_CC1_4, Y, N, Capacity, , C,Capacity,N
06/27/2022, 15:00, 06/27/2022 06:03:04, WAP_WAP_G1, Y, N, Capacity, , ,,N
06/27/2022, 16:00, 06/27/2022 06:03:04, WAP_WAP_G1, Y, N, Capacity, , ,,N
06/27/2022, 16:00, 06/27/2022 06:03:04, BRAUNIG_VHB1, Y, N, Capacity, , C,Capacity,N
06/27/2022, 16:00, 06/27/2022 06:03:04, WAP_WAP_G4, Y, N, Capacity, , C,Capacity,N
06/27/2022, 16:00, 06/27/2022 06:03:04, LGE_CC1_4, Y, N, Capacity, , C,Capacity,N
06/27/2022, 17:00, 06/27/2022 06:03:04, BRAUNIG_VHB1, Y, N, Capacity, , C,Capacity,N
06/27/2022, 17:00, 06/27/2022 06:03:04, WAP_WAP_G1, Y, N, Capacity, , ,,N
06/27/2022, 17:00, 06/27/2022 06:03:04, LGE_CC1_4, Y, N, Capacity, , C,Capacity,N
06/27/2022, 17:00, 06/27/2022 06:03:04, WAP_WAP_G4, Y, N, Capacity, , C,Capacity,N
06/27/2022, 18:00, 06/27/2022 06:03:04, WAP_WAP_G4, Y, N, Capacity, , C,Capacity,N
06/27/2022, 18:00, 06/27/2022 06:03:04, WAP_WAP_G1, Y, N, Capacity, , C,Capacity,N
06/27/2022, 18:00, 06/27/2022 06:03:04, BRAUNIG_VHB1, Y, N, Capacity, , C,Capacity,N
06/27/2022, 18:00, 06/27/2022 06:03:04, LGE_CC1_4, Y, N, Capacity, , C,Capacity,N
06/27/2022, 19:00, 06/27/2022 06:03:04, BRAUNIG_VHB1, Y, N, Capacity, , C,Capacity,N
06/27/2022, 19:00, 06/27/2022 06:03:04, WAP_WAP_G1, Y, N, Capacity, , C,Capacity,N
06/27/2022, 19:00, 06/27/2022 06:03:04, LGE_CC1_4, Y, N, Capacity, , C,Capacity,N
06/27/2022, 19:00, 06/27/2022 06:03:04, WAP_WAP_G4, Y, N, Capacity, , C,Capacity,N
06/27/2022, 20:00, 06/27/2022 06:03:04, LGE_CC1_4, Y, N, Capacity, , C,Capacity,N
06/27/2022, 20:00, 06/27/2022 06:03:04, WAP_WAP_G4, Y, N, Capacity, , C,Capacity,N
06/27/2022, 21:00, 06/27/2022 06:03:04, LGE_CC1_4, Y, N, Capacity, , C,Capacity,N
06/27/2022, 21:00, 06/27/2022 06:03:04, WAP_WAP_G4, Y, N, Capacity, , C,Capacity,N
