DeliveryDate,HourEnding,RUCTimeStamp,ResourceName,ClearedCommit,ClearedDecommit,ReasonForCommitmentOrDecommitment,StartType,ManOverrideFlag,ReasonForManuallyOverriding,DSTFLag
06/27/2022, 14:00, 06/27/2022 04:03:03, SCSES_UNIT2, Y, N, Capacity, INTER, C,Capacity,N
06/27/2022, 15:00, 06/27/2022 04:03:03, SCSES_UNIT2, Y, N, Capacity, , C,Capacity,N
06/27/2022, 16:00, 06/27/2022 04:03:03, SCSES_UNIT2, Y, N, Capacity, , C,Capacity,N
06/27/2022, 17:00, 06/27/2022 04:03:03, SCSES_UNIT2, Y, N, Capacity, , C,Capacity,N
06/27/2022, 18:00, 06/27/2022 04:03:03, SCSES_UNIT2, Y, N, Capacity, , C,Capacity,N
06/27/2022, 19:00, 06/27/2022 04:03:03, SCSES_UNIT2, Y, N, Capacity, , C,Capacity,N
06/27/2022, 20:00, 06/27/2022 04:03:03, SCSES_UNIT2, Y, N, Capacity, , C,Capacity,N
06/27/2022, 21:00, 06/27/2022 04:03:03, SCSES_UNIT2, Y, N, Capacity, , C,Capacity,N
